{
  "manifest_version": 3,
  "name": "DARA, based on Automa",
  "action": {
    "default_popup": "popup.html",
    "default_icon": "icon-128.png"
  },
  "background": {
    "service_worker": "background.bundle.js",
    "type": "module"
  },
  "icons": {
    "128": "icon-128.png"
  },
  "commands": {
    "open-dashboard": {
      "suggested_key": {
        "default": "Alt+A",
        "mac": "Alt+A"
      },
      "description": "Open the Automa dashboard"
    }
  },
  "content_scripts": [
    {
      "matches": [
        "<all_urls>"
      ],
      "js": [
        "contentScript.bundle.js"
      ],
      "run_at": "document_start",
      "all_frames": true
    },
    {
      "matches": [
        "*://localhost/*",
        "*://daskita.github.io/dara-frontend/*"
      ],
      "js": [
        "webService.bundle.js"
      ],
      "run_at": "document_start",
      "all_frames": false
    }
  ],
  "optional_permissions": [
    "clipboardRead",
    "downloads",
    "contextMenus",
    "notifications",
    "cookies"
  ],
  "permissions": [
    "tabs",
    "proxy",
    "alarms",
    "storage",
    "debugger",
    "scripting",
    "webNavigation",
    "unlimitedStorage"
  ],
  "host_permissions": [
    "<all_urls>"
  ],
  "web_accessible_resources": [
    {
      "resources": [
        "/elementSelector.css",
        "/Inter-roman-latin.var.woff2",
        "/icon-128.png",
        "/locales/*",
        "elementSelector.bundle.js"
      ],
      "matches": [
        "<all_urls>"
      ]
    }
  ],
  "sandbox": {
    "pages": [
      "/sandbox.html"
    ]
  },
  "content_security_policy": {
    "sandbox": "sandbox allow-scripts allow-forms allow-popups allow-modals; script-src 'self' 'unsafe-inline' 'unsafe-eval'; child-src 'self';"
  }
}
